"Reference","Value","Footprint","Qty","DNP","Exclude from Board","MANUFACTURER","MPN","LCSC","Ratings","Assembly_Type"
"C9","100pF","Capacitor_SMD:C_0603_1608Metric","1","DNP","","Murata","GCM1885C2A101JA16D ","","100V, C0G","Optional (Hand Solder)"
"D7","LED","","1","","Excluded from board","American Bright Optoelectronics Corporation","BL-BGE1V1","","","Panel Mount"
"HS1","Heatsink","","1","","Excluded from board","Same Sky","HSB09-212115","","<= 27 C/W","Board Adhesive"
"J1,J3","Screw Terminal","691137710002:CONN2_710002_WRE","2","","","Würth Elektronik","691137710002","","","Hand Solder"
"J2","Conn_01x02","Connector_PinHeader_2.54mm:PinHeader_1x02_P2.54mm_Vertical","1","","","Adam Tech","PH1-02-UA","","","Hand Solder"
"J4","Conn_02x04_Odd_Even","Connector_PinHeader_2.54mm:PinHeader_2x04_P2.54mm_Vertical","1","","","Adam Tech","PH2-08-UA","","","Hand Solder"
"J5","Conn_02x03_Counter_Clockwise","Connector_PinHeader_2.54mm:PinHeader_2x03_P2.54mm_Vertical","1","","","Adam Tech","PH2-06-UA","","","Hand Solder"
"J7","Conn_01x06","Connector_PinHeader_2.54mm:PinHeader_1x06_P2.54mm_Vertical","1","","","Adam Tech","PH1-06-UA","","","Hand Solder"
"J8","GPIO","Connector_PinSocket_2.54mm:PinSocket_2x20_P2.54mm_Vertical","1","","","Spark Fun","16764","","","Hand Solder"
"J9","292303-1","292303_1:CONN4_292303-1_TEC","1","","","TE Connectivity AMP Connectors","292303-1","","","Hand Solder"
"R11","5R1","Resistor_SMD:R_0805_2012Metric","1","DNP","","Panasonic","ERJ-P06J5R1V","","±1%, Pulse-Withstanding","Optional (Hand Solder)"
"R98","2K","Resistor_SMD:R_0805_2012Metric_Pad1.20x1.40mm_HandSolder","1","DNP","","Stackpole Electronics Inc","RMCF0805FT2K00","","±1%","Optional (Hand Solder)"
"S1","LED Holder","","1","","Excluded from board","Lumex Opto/Components Inc.","SSH-LXH501","","","Panel Mount"
"SW3","SW_Push_LED","","1","","Excluded from board","Adafruit","481","","","Panel Mount"
"TIM1","Thermal Interface Material","","1","","Excluded from board","t-Global","TG-T1000-20-20-0.25-5PT","","","Board Adhesive"
"TP1","TestPoint","TestPoint:TestPoint_Keystone_5000-5004_Miniature","1","","","Keystone","5001","","","Hand Solder"
"TP2,TP3,TP4,TP5,TP6,TP7,TP8,TP9,TP10","TestPoint","TestPoint:TestPoint_THTPad_D1.0mm_Drill0.5mm","9","","","","","","","No Solder"
"C29,C30","15p","Capacitor_SMD:C_0402_1005Metric","2","","","Murata","GRM1555C1H150JA01D","C1548","C0G","PCBA/Turnkey"
"C68,C70","1pF","Capacitor_SMD:C_0402_1005Metric","2","","","Murata","GRM1555C1H1R0BA01D","C1550","C0G","PCBA/Turnkey"
"C1","4.7pF","Capacitor_SMD:C_0402_1005Metric","1","","","Murata","GRM1555C1H4R7CA01D","C1569","C0G","PCBA/Turnkey"
"C2","1.5nF","Capacitor_SMD:C_0603_1608Metric","1","","","Murata","GCD188R71H152KA01D","C1595","50V; X7R","PCBA/Turnkey"
"C86","33pF","Capacitor_SMD:C_0603_1608Metric","1","","","Samsung Electro-Mechanics","CL10C330JB8NNNC","C1663","C0G","PCBA/Turnkey"
"D6","LED_R","LED_SMD:LED_0603_1608Metric","1","","","Kingbright","AA1608SURSK","C2286","","PCBA/Turnkey"
"D3","LED_G","LED_SMD:LED_0805_2012Metric","1","","","Kingbright","APT2012LZGCK","C2297","","PCBA/Turnkey"
"D8","SS14","Diode_SMD:D_SMA","1","","","MDD","SS14","C2480","","PCBA/Turnkey"
"Q9","IRLR2905","IRLR024NTRPBF:ThermalVias","1","","","Infineon Technologies","IRLR2905TRPBF","C3010","","PCBA/Turnkey"
"R8","20K","Resistor_SMD:R_0603_1608Metric","1","","","Stackpole Electronics Inc","RMCF0603FT20K0","C4184","±1%","PCBA/Turnkey"
"U2","NCP1117-3.3_SOT223","Package_TO_SOT_SMD:SOT-223-3_TabPin2","1","","","onsemi","NCP1117ST33T3G","C6186","","PCBA/Turnkey"
"U6","LM358","Package_SO:SOIC-8_3.9x4.9mm_P1.27mm","1","","","Onsemi","LM358DR2G","C7950","","PCBA/Turnkey"
"U15","LM393","Package_SO:SOIC-8_3.9x4.9mm_P1.27mm","1","","","Onsemi","LM393DR2G","C7955","","PCBA/Turnkey"
"U17","LMV321","Package_TO_SOT_SMD:SOT-23-5","1","","","Texas Instruments","LMV321IDBVR","C7972","","PCBA/Turnkey"
"R20,R22,R23,R29,R36,R37,R39,R41,R42,R43,R54,R57,R62,R69,R71,R82,R91,R99,R102","1K","Resistor_SMD:R_0402_1005Metric","19","","","Stackpole Electronics Inc","RMCF0402FT1K00","C11702","±1%","PCBA/Turnkey"
"C62,C63,C64","22uF","Capacitor_SMD:C_1206_3216Metric","3","","","Samsung Electro-Mechanics","CL31A226KAHNNNE","C12891","25V; X5R","PCBA/Turnkey"
"FB1,FB2","FerriteBead","Inductor_SMD:L_0603_1608Metric","2","","","Murata","BLM18PG121SN1D","C14709","","PCBA/Turnkey"
"Q7","AO3401A","Package_TO_SOT_SMD:SOT-23","1","","","Alpha & Omega Semiconductor Inc.","AO3401A","C15127","","PCBA/Turnkey"
"R33,R38,R40,R61,R70","0R","Resistor_SMD:R_0805_2012Metric_Pad1.20x1.40mm_HandSolder","5","","","Stackpole Electronics Inc","RMCF0805ZT0R00","C17477","","PCBA/Turnkey"
"R100","2K","Resistor_SMD:R_0805_2012Metric_Pad1.20x1.40mm_HandSolder","1","","","Stackpole Electronics Inc","RMCF0805FT2K00","C17604","±1%","PCBA/Turnkey"
"R64,R72","4R7","Resistor_SMD:R_0805_2012Metric","2","","","Stackpole Electronics Inc","RMCF0805FT4R70","C17675","±1%","PCBA/Turnkey"
"R9","5R1","Resistor_SMD:R_0805_2012Metric","1","","","Stackpole Electronics Inc","RMCF0805FT5R10","C17724","±1%","PCBA/Turnkey"
"R15,R32","4K7","Resistor_SMD:R_1206_3216Metric","2","","","Stackpole Electronics Inc","RMCF1206FT4K70","C17936","±1% 1/4W","PCBA/Turnkey"
"Q2,Q4,Q5,Q6,Q8,Q10,Q11","AO3400A","Package_TO_SOT_SMD:SOT-23","7","","","Alpha & Omega Semiconductor Inc.","AO3400A","C20917","","PCBA/Turnkey"
"R3","12K","Resistor_SMD:R_0603_1608Metric","1","","","Stackpole Electronics Inc","RMCF0603FT12K0","C22790","±1%","PCBA/Turnkey"
"R1","150K","Resistor_SMD:R_0603_1608Metric","1","","","Stackpole Electronics Inc","RMCF0603FT150K","C22807","±1%","PCBA/Turnkey"
"R83","1M","Resistor_SMD:R_0603_1608Metric","1","","","Stackpole Electronics Inc","RMCF0603FT1M00","C22935","±1%","PCBA/Turnkey"
"R96","2M","Resistor_SMD:R_0603_1608Metric","1","","","Stackpole Electronics Inc","RMCF0603FT2M00","C22976","±1%","PCBA/Turnkey"
"R106","30K","Resistor_SMD:R_0603_1608Metric","1","","","Stackpole Electronics Inc","RMCF0603FT30K0","C22984","±1%","PCBA/Turnkey"
"R2","4K3","Resistor_SMD:R_0603_1608Metric","1","","","Stackpole Electronics Inc","RMCF0603FT4K30","C23159","±1%","PCBA/Turnkey"
"R80","470K","Resistor_SMD:R_0603_1608Metric","1","","","Stackpole Electronics Inc","RMCF0603FT470K","C23178","±1%","PCBA/Turnkey"
"R4","5.6K","Resistor_SMD:R_0603_1608Metric","1","","","Stackpole Electronics Inc","RMCF0603FT5K60","C23189","±1%","PCBA/Turnkey"
"R5","510K","Resistor_SMD:R_0603_1608Metric","1","","","Stackpole Electronics Inc","RMCF0603FT510K","C23192","±1%","PCBA/Turnkey"
"R56,R67,R68","56K","Resistor_SMD:R_0603_1608Metric","3","","","Stackpole Electronics Inc","RMCF0603FT56K0","C23206","±1%","PCBA/Turnkey"
"R6,R7","75K","Resistor_SMD:R_0603_1608Metric","2","","","Stackpole Electronics Inc","RMCF0603FT75K0","C23242","±1%","PCBA/Turnkey"
"C27,C28","4.7uF","RP2350_80QFN_minimal:C_0402_1005Metric_small_pads","2","","","Samsung Electro-Mechanics","CL05A475MP5NRNC","C23733","10V; X5R","PCBA/Turnkey"
"C32,C33,C36","4.7uF","Capacitor_SMD:C_0402_1005Metric","3","","","Samsung Electro-Mechanics","CL05A475MP5NRNC","C23733","10V; X5R","PCBA/Turnkey"
"R79","10R","Resistor_SMD:R_0402_1005Metric","1","","","Stackpole Electronics Inc","RMCF0402FT10R0","C25077","±1%","PCBA/Turnkey"
"R16,R17","120R","Resistor_SMD:R_0402_1005Metric","2","","","Stackpole Electronics Inc","RMCF0402FT120R","C25079","±1%","PCBA/Turnkey"
"R14,R18,R19,R24,R25,R26,R28,R30,R31,R49","220R","Resistor_SMD:R_0402_1005Metric","10","","","Stackpole Electronics Inc","RMCF0402FT220R","C25091","±1%","PCBA/Turnkey"
"R81","22R","Resistor_SMD:R_0402_1005Metric","1","","","Stackpole Electronics Inc","RMCF0402FT22R0","C25092","±1%","PCBA/Turnkey"
"R21,R27","33R","Resistor_SMD:R_0402_1005Metric","2","","","Stackpole Electronics Inc","RMCF0402FT33R0","C25105","±1%","PCBA/Turnkey"
"R48,R63","47R","Resistor_SMD:R_0402_1005Metric","2","","","Stackpole Electronics Inc","RMCF0402FT47R0","C25118","±1%","PCBA/Turnkey"
"R34,R35","27R","Resistor_SMD:R_0603_1608Metric","2","","","Stackpole Electronics Inc","RMCF0603FT27R0","C25190","±1%","PCBA/Turnkey"
"R10,R44,R46,R47,R78,R104,R105","100K","Resistor_SMD:R_0402_1005Metric","7","","","Stackpole Electronics Inc","RMCF0402FT100K","C25741","±1%","PCBA/Turnkey"
"R12,R13,R45,R52,R53,R55,R58,R59,R75,R76,R77,R84,R85,R86,R89,R95,R97,R103","10K","Resistor_SMD:R_0402_1005Metric","18","","","Stackpole Electronics Inc","RMCF0402FT10K0","C25744","±1%","PCBA/Turnkey"
"R107","200K","Resistor_SMD:R_0402_1005Metric","1","","","Stackpole Electronics Inc","RMCF0402FT200K","C25764","±1%","PCBA/Turnkey"
"R60","20K","Resistor_SMD:R_0402_1005Metric","1","","","Stackpole Electronics Inc","RMCF0402FT20K0","C25765","±1%","PCBA/Turnkey"
"R101","27K","Resistor_SMD:R_0402_1005Metric","1","","","Stackpole Electronics Inc","RMCF0402FT27K0","C25771","±1%","PCBA/Turnkey"
"R87,R88,R90,R92,R93,R94","4.7k","Resistor_SMD:R_0402_1005Metric","6","","","Stackpole Electronics Inc","RMCF0402FT4K70","C25900","±1%","PCBA/Turnkey"
"R50,R51","5K1","Resistor_SMD:R_0402_1005Metric","2","","","Stackpole Electronics Inc","RMCF0402FT5K10","C25905","±1%","PCBA/Turnkey"
"C11,C50,C67","0.1uF","Capacitor_SMD:C_0805_2012Metric","3","","","Samsung Electro-Mechanics","CL21B104KCFNNNE","C28233","100V; X7R","PCBA/Turnkey"
"C51,C57,C72,C75,C77,C78,C79,C84","2.2nF","Capacitor_SMD:C_0805_2012Metric","8","","","Samsung Electro-Mechanics","CL21C222JBFNNNE","C28260","C0G","PCBA/Turnkey"
"C4,C6,C24,C66","1uF","Capacitor_SMD:C_0805_2012Metric","4","","","Samsung Electro-Mechanics","CL21B105KBFNNNE","C28323","50V; X7R","PCBA/Turnkey"
"C54,C59","4.7uF","Capacitor_SMD:C_1206_3216Metric","2","","","Samsung Electro-Mechanics","CL31B475KBHNFNE","C29823","50V; X7R","PCBA/Turnkey"
"C16,C17,C18,C19,C20,C21,C23,C26","2.2uF","Capacitor_SMD:C_1206_3216Metric","8","","","Samsung Electro-Mechanics","CL31B225KBHNNNE","C50254","50V; X7R","PCBA/Turnkey"
"U8,U10","MCP1416","Package_TO_SOT_SMD:SOT-23-5","2","","","Microchip","MCP1416T-E/OT","C83775","","PCBA/Turnkey"
"D5","LED_Y","LED_SMD:LED_0603_1608Metric","1","","","Kingbright","APT1608SYCK","C89811","","PCBA/Turnkey"
"C3,C7,C12,C22,C35,C47,C71","10uF","Capacitor_SMD:C_0603_1608Metric","7","","","Samsung Electro-Mechanics","CL10A106MA8NRNC","C96446","25V; X5R","PCBA/Turnkey"
"L1","4.7uH","Inductor_SMD:L_Abracon_ASPI-0630LR","1","","","Abracon","ASPI-0630HI-4R7M-T15","C207840","I_sat ≥ 8.5A","PCBA/Turnkey"
"C5,C10,C14,C25,C31,C34,C37,C38,C39,C40,C41,C42,C43,C44,C45,C46,C49,C52,C53,C55,C56,C58,C61,C65,C69,C74,C76,C80,C82,C83,C85,C87","0.1uF","Capacitor_SMD:C_0402_1005Metric","32","","","Samsung Electro-Mechanics","CL05B104KB54PNC","C307331","50V; X7R","PCBA/Turnkey"
"D12","VBPW34FAS","VBPW34FAS:CR_W34FAS_VIS","1","","","Vishay","VBPW34FAS","C413453","","PCBA/Turnkey"
"C8","10uF","Capacitor_SMD:C_0805_2012Metric","1","","","Murata","GRM21BR61H106KE43L","C440198","50V; X5R","PCBA/Turnkey"
"U16","CMM-2718AT-42308-TR","CMM-2718AT-42308-TR:XDCR_CMM-2718AT-42308-TR","1","","","CUI","CMM-2718AT-42308-TR","C481300","","PCBA/Turnkey"
"J6","TYPE-C 16P","EasyEDA:USB-C-SMD_TYPE-C16PIN_C668624","1","","","GCT","USB4105-GF-A","C668624","","PCBA/Turnkey"
"SW1,SW2","SW_Push","TS-1088-AR02016:SW_TS-1088_XNP","2","","","XUNPU","TS-1088-AR02016","C720477","","PCBA/Turnkey"
"U13,U14","TMUX1219DBVR","TMUX1219DBVR:SOT-23-6_DBV_TEX","2","","","Texas Instruments","TMUX1219DBVR","C2869838","","PCBA/Turnkey"
"R65,R66,R73,R74","0R27","Resistor_SMD:R_2512_6332Metric","4","","","Milliohm","HoJLR2512-3W-270mR-1%","C2903472","Metal strip, 1% 3W","PCBA/Turnkey"
"C73,C81","330nF","Capacitor_SMD:C_1206_3216Metric","2","","","Murata","GRM31C5C1E334JE01L","C3837965","C0G","PCBA/Turnkey"
"U1","LM5157RTER","LM5157:QFN_57RTER_TEX_ThermalVias","1","","","Texas Instruments","LM5157RTER","C5219222","","PCBA/Turnkey"
"D13,D14","BAT54S","Package_TO_SOT_SMD:SOT-23","2","","","Onsemi","BAT54SLT1G","C7420333","","PCBA/Turnkey"
"D2,D10","SS26","Diode_SMD:D_SMA","2","","","Vishay Semiconductor","SS26S-E3/5AT","C7420363","60V; 2A","PCBA/Turnkey"
"U4","SRV05-4","Package_TO_SOT_SMD:SOT-23-6","1","","","Littlefuse","SRV05-4HTG-D","C7420376","","PCBA/Turnkey"
"D9","SMAJ6.0A","Diode_SMD:D_SMA","1","","","Littlefuse","SMAJ6.0A","C19077525","","PCBA/Turnkey"
"D1","SMBJ6.0A","Diode_SMD:D_SMB","1","","","Littlefuse","SMBJ6.0A","C19077560","","PCBA/Turnkey"
"D11","VSMA1085250x02","VSMA1085250:DIODE_VSMA1085250_VIS","1","","","Vishay Semiconductor Opto Division","VSMA1085250X02","C20346087","","PCBA/Turnkey"
"Y1","ABM8-272-T3","Crystal:Crystal_SMD_3225-4Pin_3.2x2.5mm","1","","","Abracon","ABM8-272-T3","C20625731","","PCBA/Turnkey"
"D4","12V Zener","Diode_SMD:D_SOD-123","1","","","Good-Ark","BZT52B12","C22395569","12V","PCBA/Turnkey"
"U11,U12","OPA4323IPWR","OPA4323:PW0014A-IPC_A","2","","","Texas Instruments","OPA4323IPWR","C22419728","","PCBA/Turnkey"
"U5,U9","74LVC1G123","Package_SO:VSSOP-8_2.3x2mm_P0.5mm","2","","","Texas Instruments","SN74LVC1G123DCUR","C26159250","","PCBA/Turnkey"
"U3","RP2350_80QFN","RP2350_80QFN_minimal:RP2350-QFN-80-1EP_10x10_P0.4mm_EP3.4x3.4mm_ThermalVias","1","","","Raspberry Pi","RP2354B","C39843328","","PCBA/Turnkey"
"U7","MMDT2227-7","MMDT2227:SOT-363_DIO","1","","","Diodes Incorporated","MMDT2227-7-F","C41375117","","PCBA/Turnkey"
"L2","3.3u","RP2350_80QFN_minimal:L_pol_2016","1","","","Abracon","AOTA-B201610S3R3-101-T","C42411119","","PCBA/Turnkey"
"Q1,Q3","SI7137DP","Library1:PQFN-8-EP_6x5mm_P1.27mm_Generic_ThermalVias","2","","","Vishay","SI7137DP-T1-GE3","C42456927","R_{DS}≤3mΩ@-4.5V, I_{d}≤-20A","PCBA/Turnkey"
"C13,C15,C48,C60","330uF","50TPV330M10X10.5:CAP_50TPV_10x10.5_RBY","4","","","Rubycon","50TPV330M10X10.5","C53120968","50V","PCBA/Turnkey"
